doc_id,menu_id,menu_name,category,document
menu_1,1,아메리카노,커피/라떼,"메뉴ID: 1

메뉴명: 아메리카노

카테고리: 커피/라떼

설명:
진한 에스프레소에 물과 얼음을 더한 고소하고 쌉쌀한 음료

가격:
1900원

원재료:
원두, 물

알러지:
없음

선택 가능 옵션:

[온도] (옵션그룹ID: 1)

필수여부: 필수
최소선택: 1
최대선택: 1

- HOT (옵션ID: 1, +0원)
- ICE (옵션ID: 2, +0원)

[사이즈] (옵션그룹ID: 2)

필수여부: 필수
최소선택: 1
최대선택: 1

- 레귤러 (옵션ID: 3, +0원)
- 라지 (옵션ID: 4, +500원)

[샷 추가] (옵션그룹ID: 3)

필수여부: 선택
최소선택: 0
최대선택: 5

- 샷 추가 (옵션ID: 5, +500원)

[시럽 추가] (옵션그룹ID: 4)

필수여부: 선택
최소선택: 0
최대선택: 15

- 바닐라 시럽 (옵션ID: 6, +500원)
- 헤이즐넛 시럽 (옵션ID: 7, +500원)
- 카라멜 시럽 (옵션ID: 8, +500원)

[휘핑 추가] (옵션그룹ID: 5)

필수여부: 선택
최소선택: 0
최대선택: 5

- 휘핑 추가 (옵션ID: 9, +500원)
"
menu_2,2,에스프레소,커피/라떼,"메뉴ID: 2

메뉴명: 에스프레소

카테고리: 커피/라떼

설명:
비터홀릭 원두의 풍성한 크레마가 느껴지는 진한 음료

가격:
1500원

원재료:
원두

알러지:
없음

선택 가능 옵션:

[샷 추가] (옵션그룹ID: 6)

필수여부: 선택
최소선택: 0
최대선택: 5

- 샷 추가 (옵션ID: 10, +500원)

[시럽 추가] (옵션그룹ID: 7)

필수여부: 선택
최소선택: 0
최대선택: 15

- 바닐라 시럽 (옵션ID: 11, +500원)
- 헤이즐넛 시럽 (옵션ID: 12, +500원)
- 카라멜 시럽 (옵션ID: 13, +500원)

[휘핑 추가] (옵션그룹ID: 8)

필수여부: 선택
최소선택: 0
최대선택: 5

- 휘핑 추가 (옵션ID: 14, +500원)
"
menu_3,3,카페라떼,커피/라떼,"메뉴ID: 3

메뉴명: 카페라떼

카테고리: 커피/라떼

설명:
진한 에스프레소에 우유를 더해 부드럽게 마시는 음료

가격:
2900원

원재료:
원두, 우유

알러지:
우유

선택 가능 옵션:

[온도] (옵션그룹ID: 9)

필수여부: 필수
최소선택: 1
최대선택: 1

- HOT (옵션ID: 15, +0원)
- ICE (옵션ID: 16, +0원)

[사이즈] (옵션그룹ID: 10)

필수여부: 필수
최소선택: 1
최대선택: 1

- 레귤러 (옵션ID: 17, +0원)
- 라지 (옵션ID: 18, +500원)

[샷 추가] (옵션그룹ID: 11)

필수여부: 선택
최소선택: 0
최대선택: 5

- 샷 추가 (옵션ID: 19, +500원)

[시럽 추가] (옵션그룹ID: 12)

필수여부: 선택
최소선택: 0
최대선택: 15

- 바닐라 시럽 (옵션ID: 20, +500원)
- 헤이즐넛 시럽 (옵션ID: 21, +500원)
- 카라멜 시럽 (옵션ID: 22, +500원)

[휘핑 추가] (옵션그룹ID: 13)

필수여부: 선택
최소선택: 0
최대선택: 5

- 휘핑 추가 (옵션ID: 23, +500원)
"
menu_4,4,카푸치노,커피/라떼,"메뉴ID: 4

메뉴명: 카푸치노

카테고리: 커피/라떼

설명:
풍부한 거품의 스팀밀크와 향긋한 시나몬 향의 음료

가격:
2900원

원재료:
원두, 우유

알러지:
우유

선택 가능 옵션:

[온도] (옵션그룹ID: 14)

필수여부: 필수
최소선택: 1
최대선택: 1

- HOT (옵션ID: 24, +0원)
- ICE (옵션ID: 25, +0원)

[사이즈] (옵션그룹ID: 15)

필수여부: 필수
최소선택: 1
최대선택: 1

- 레귤러 (옵션ID: 26, +0원)
- 라지 (옵션ID: 27, +500원)

[샷 추가] (옵션그룹ID: 16)

필수여부: 선택
최소선택: 0
최대선택: 5

- 샷 추가 (옵션ID: 28, +500원)

[시럽 추가] (옵션그룹ID: 17)

필수여부: 선택
최소선택: 0
최대선택: 15

- 바닐라 시럽 (옵션ID: 29, +500원)
- 헤이즐넛 시럽 (옵션ID: 30, +500원)
- 카라멜 시럽 (옵션ID: 31, +500원)

[휘핑 추가] (옵션그룹ID: 18)

필수여부: 선택
최소선택: 0
최대선택: 5

- 휘핑 추가 (옵션ID: 32, +500원)
"
menu_5,5,바닐라라떼,커피/라떼,"메뉴ID: 5

메뉴명: 바닐라라떼

카테고리: 커피/라떼

설명:
바닐라 향과 부드러운 카페라떼의 조화

가격:
3300원

원재료:
원두, 우유, 바닐라시럽

알러지:
우유

선택 가능 옵션:

[온도] (옵션그룹ID: 19)

필수여부: 필수
최소선택: 1
최대선택: 1

- HOT (옵션ID: 33, +0원)
- ICE (옵션ID: 34, +0원)

[사이즈] (옵션그룹ID: 20)

필수여부: 필수
최소선택: 1
최대선택: 1

- 레귤러 (옵션ID: 35, +0원)
- 라지 (옵션ID: 36, +500원)

[샷 추가] (옵션그룹ID: 21)

필수여부: 선택
최소선택: 0
최대선택: 5

- 샷 추가 (옵션ID: 37, +500원)

[시럽 추가] (옵션그룹ID: 22)

필수여부: 선택
최소선택: 0
최대선택: 15

- 바닐라 시럽 (옵션ID: 38, +500원)
- 헤이즐넛 시럽 (옵션ID: 39, +500원)
- 카라멜 시럽 (옵션ID: 40, +500원)

[휘핑 추가] (옵션그룹ID: 23)

필수여부: 선택
최소선택: 0
최대선택: 5

- 휘핑 추가 (옵션ID: 41, +500원)
"
menu_6,6,헤이즐넛라떼,커피/라떼,"메뉴ID: 6

메뉴명: 헤이즐넛라떼

카테고리: 커피/라떼

설명:
헤이즐넛 향과 부드러운 카페라떼의 조화

가격:
3800원

원재료:
원두, 우유, 헤이즐넛시럽

알러지:
우유

선택 가능 옵션:

[온도] (옵션그룹ID: 24)

필수여부: 필수
최소선택: 1
최대선택: 1

- HOT (옵션ID: 42, +0원)
- ICE (옵션ID: 43, +0원)

[사이즈] (옵션그룹ID: 25)

필수여부: 필수
최소선택: 1
최대선택: 1

- 레귤러 (옵션ID: 44, +0원)
- 라지 (옵션ID: 45, +500원)

[샷 추가] (옵션그룹ID: 26)

필수여부: 선택
최소선택: 0
최대선택: 5

- 샷 추가 (옵션ID: 46, +500원)

[시럽 추가] (옵션그룹ID: 27)

필수여부: 선택
최소선택: 0
최대선택: 15

- 바닐라 시럽 (옵션ID: 47, +500원)
- 헤이즐넛 시럽 (옵션ID: 48, +500원)
- 카라멜 시럽 (옵션ID: 49, +500원)

[휘핑 추가] (옵션그룹ID: 28)

필수여부: 선택
최소선택: 0
최대선택: 5

- 휘핑 추가 (옵션ID: 50, +500원)
"
menu_7,7,카라멜마끼아또,커피/라떼,"메뉴ID: 7

메뉴명: 카라멜마끼아또

카테고리: 커피/라떼

설명:
달콤한 카라멜과 부드러운 카페라떼의 조화

가격:
3300원

원재료:
원두, 우유, 카라멜시럽

알러지:
우유

선택 가능 옵션:

[온도] (옵션그룹ID: 29)

필수여부: 필수
최소선택: 1
최대선택: 1

- HOT (옵션ID: 51, +0원)
- ICE (옵션ID: 52, +0원)

[사이즈] (옵션그룹ID: 30)

필수여부: 필수
최소선택: 1
최대선택: 1

- 레귤러 (옵션ID: 53, +0원)
- 라지 (옵션ID: 54, +500원)

[샷 추가] (옵션그룹ID: 31)

필수여부: 선택
최소선택: 0
최대선택: 5

- 샷 추가 (옵션ID: 55, +500원)

[시럽 추가] (옵션그룹ID: 32)

필수여부: 선택
최소선택: 0
최대선택: 15

- 바닐라 시럽 (옵션ID: 56, +500원)
- 헤이즐넛 시럽 (옵션ID: 57, +500원)
- 카라멜 시럽 (옵션ID: 58, +500원)

[휘핑 추가] (옵션그룹ID: 33)

필수여부: 선택
최소선택: 0
최대선택: 5

- 휘핑 추가 (옵션ID: 59, +500원)
"
menu_8,8,카페모카,커피/라떼,"메뉴ID: 8

메뉴명: 카페모카

카테고리: 커피/라떼

설명:
달콤한 초콜릿과 부드러운 카페라떼의 조화

가격:
3500원

원재료:
원두, 우유, 초콜릿

알러지:
우유

선택 가능 옵션:

[온도] (옵션그룹ID: 34)

필수여부: 필수
최소선택: 1
최대선택: 1

- HOT (옵션ID: 60, +0원)
- ICE (옵션ID: 61, +0원)

[사이즈] (옵션그룹ID: 35)

필수여부: 필수
최소선택: 1
최대선택: 1

- 레귤러 (옵션ID: 62, +0원)
- 라지 (옵션ID: 63, +500원)

[샷 추가] (옵션그룹ID: 36)

필수여부: 선택
최소선택: 0
최대선택: 5

- 샷 추가 (옵션ID: 64, +500원)

[시럽 추가] (옵션그룹ID: 37)

필수여부: 선택
최소선택: 0
최대선택: 15

- 바닐라 시럽 (옵션ID: 65, +500원)
- 헤이즐넛 시럽 (옵션ID: 66, +500원)
- 카라멜 시럽 (옵션ID: 67, +500원)

[휘핑 추가] (옵션그룹ID: 38)

필수여부: 선택
최소선택: 0
최대선택: 5

- 휘핑 추가 (옵션ID: 68, +500원)
"
menu_9,9,연유라떼,커피/라떼,"메뉴ID: 9

메뉴명: 연유라떼

카테고리: 커피/라떼

설명:
달콤한 연유와 부드러운 카페라떼의 조화

가격:
3800원

원재료:
원두, 우유, 연유

알러지:
우유

선택 가능 옵션:

[온도] (옵션그룹ID: 39)

필수여부: 필수
최소선택: 1
최대선택: 1

- HOT (옵션ID: 69, +0원)
- ICE (옵션ID: 70, +0원)

[사이즈] (옵션그룹ID: 40)

필수여부: 필수
최소선택: 1
최대선택: 1

- 레귤러 (옵션ID: 71, +0원)
- 라지 (옵션ID: 72, +500원)

[샷 추가] (옵션그룹ID: 41)

필수여부: 선택
최소선택: 0
최대선택: 5

- 샷 추가 (옵션ID: 73, +500원)

[시럽 추가] (옵션그룹ID: 42)

필수여부: 선택
최소선택: 0
최대선택: 15

- 바닐라 시럽 (옵션ID: 74, +500원)
- 헤이즐넛 시럽 (옵션ID: 75, +500원)
- 카라멜 시럽 (옵션ID: 76, +500원)

[휘핑 추가] (옵션그룹ID: 43)

필수여부: 선택
최소선택: 0
최대선택: 5

- 휘핑 추가 (옵션ID: 77, +500원)
"
menu_10,10,흑당카페라떼,커피/라떼,"메뉴ID: 10

메뉴명: 흑당카페라떼

카테고리: 커피/라떼

설명:
달콤 쌉쌀한 흑당과 부드러운 카페라떼의 조화

가격:
3800원

원재료:
원두, 우유, 흑당

알러지:
우유

선택 가능 옵션:

[온도] (옵션그룹ID: 44)

필수여부: 필수
최소선택: 1
최대선택: 1

- HOT (옵션ID: 78, +0원)
- ICE (옵션ID: 79, +0원)

[사이즈] (옵션그룹ID: 45)

필수여부: 필수
최소선택: 1
최대선택: 1

- 레귤러 (옵션ID: 80, +0원)
- 라지 (옵션ID: 81, +500원)

[샷 추가] (옵션그룹ID: 46)

필수여부: 선택
최소선택: 0
최대선택: 5

- 샷 추가 (옵션ID: 82, +500원)

[시럽 추가] (옵션그룹ID: 47)

필수여부: 선택
최소선택: 0
최대선택: 15

- 바닐라 시럽 (옵션ID: 83, +500원)
- 헤이즐넛 시럽 (옵션ID: 84, +500원)
- 카라멜 시럽 (옵션ID: 85, +500원)

[휘핑 추가] (옵션그룹ID: 48)

필수여부: 선택
최소선택: 0
최대선택: 5

- 휘핑 추가 (옵션ID: 86, +500원)
"
menu_11,11,돌체라떼,커피/라떼,"메뉴ID: 11

메뉴명: 돌체라떼

카테고리: 커피/라떼

설명:
달콤한 연유와 부드러운 카페라떼의 조화

가격:
3800원

원재료:
원두, 우유, 연유

알러지:
우유

선택 가능 옵션:

[온도] (옵션그룹ID: 49)

필수여부: 필수
최소선택: 1
최대선택: 1

- HOT (옵션ID: 87, +0원)
- ICE (옵션ID: 88, +0원)

[사이즈] (옵션그룹ID: 50)

필수여부: 필수
최소선택: 1
최대선택: 1

- 레귤러 (옵션ID: 89, +0원)
- 라지 (옵션ID: 90, +500원)

[샷 추가] (옵션그룹ID: 51)

필수여부: 선택
최소선택: 0
최대선택: 5

- 샷 추가 (옵션ID: 91, +500원)

[시럽 추가] (옵션그룹ID: 52)

필수여부: 선택
최소선택: 0
최대선택: 15

- 바닐라 시럽 (옵션ID: 92, +500원)
- 헤이즐넛 시럽 (옵션ID: 93, +500원)
- 카라멜 시럽 (옵션ID: 94, +500원)

[휘핑 추가] (옵션그룹ID: 53)

필수여부: 선택
최소선택: 0
최대선택: 5

- 휘핑 추가 (옵션ID: 95, +500원)
"
menu_12,12,아인슈페너,커피/라떼,"메뉴ID: 12

메뉴명: 아인슈페너

카테고리: 커피/라떼

설명:
카페라떼와 컴포즈 시그니처 크림이 어우러지는 음료

가격:
4200원

원재료:
원두, 우유, 생크림

알러지:
우유

선택 가능 옵션:

[온도] (옵션그룹ID: 54)

필수여부: 필수
최소선택: 1
최대선택: 1

- HOT (옵션ID: 96, +0원)
- ICE (옵션ID: 97, +0원)

[사이즈] (옵션그룹ID: 55)

필수여부: 필수
최소선택: 1
최대선택: 1

- 레귤러 (옵션ID: 98, +0원)
- 라지 (옵션ID: 99, +500원)

[샷 추가] (옵션그룹ID: 56)

필수여부: 선택
최소선택: 0
최대선택: 5

- 샷 추가 (옵션ID: 100, +500원)

[시럽 추가] (옵션그룹ID: 57)

필수여부: 선택
최소선택: 0
최대선택: 15

- 바닐라 시럽 (옵션ID: 101, +500원)
- 헤이즐넛 시럽 (옵션ID: 102, +500원)
- 카라멜 시럽 (옵션ID: 103, +500원)

[휘핑 추가] (옵션그룹ID: 58)

필수여부: 선택
최소선택: 0
최대선택: 5

- 휘핑 추가 (옵션ID: 104, +500원)
"
menu_13,13,달고나라떼,커피/라떼,"메뉴ID: 13

메뉴명: 달고나라떼

카테고리: 커피/라떼

설명:
달콤한 카페라떼 위에 달고나를 올린 음료

가격:
4000원

원재료:
원두, 우유, 달고나

알러지:
우유

선택 가능 옵션:

[온도] (옵션그룹ID: 59)

필수여부: 필수
최소선택: 1
최대선택: 1

- HOT (옵션ID: 105, +0원)
- ICE (옵션ID: 106, +0원)

[사이즈] (옵션그룹ID: 60)

필수여부: 필수
최소선택: 1
최대선택: 1

- 레귤러 (옵션ID: 107, +0원)
- 라지 (옵션ID: 108, +500원)

[샷 추가] (옵션그룹ID: 61)

필수여부: 선택
최소선택: 0
최대선택: 5

- 샷 추가 (옵션ID: 109, +500원)

[시럽 추가] (옵션그룹ID: 62)

필수여부: 선택
최소선택: 0
최대선택: 15

- 바닐라 시럽 (옵션ID: 110, +500원)
- 헤이즐넛 시럽 (옵션ID: 111, +500원)
- 카라멜 시럽 (옵션ID: 112, +500원)

[휘핑 추가] (옵션그룹ID: 63)

필수여부: 선택
최소선택: 0
최대선택: 5

- 휘핑 추가 (옵션ID: 113, +500원)
"
menu_14,14,꿀아메리카노,커피/라떼,"메뉴ID: 14

메뉴명: 꿀아메리카노

카테고리: 커피/라떼

설명:
꿀이 들어간 달콤한 아메리카노

가격:
3300원

원재료:
원두, 물, 꿀

알러지:
없음

선택 가능 옵션:

[온도] (옵션그룹ID: 64)

필수여부: 필수
최소선택: 1
최대선택: 1

- HOT (옵션ID: 114, +0원)
- ICE (옵션ID: 115, +0원)

[사이즈] (옵션그룹ID: 65)

필수여부: 필수
최소선택: 1
최대선택: 1

- 레귤러 (옵션ID: 116, +0원)
- 라지 (옵션ID: 117, +500원)

[샷 추가] (옵션그룹ID: 66)

필수여부: 선택
최소선택: 0
최대선택: 5

- 샷 추가 (옵션ID: 118, +500원)

[시럽 추가] (옵션그룹ID: 67)

필수여부: 선택
최소선택: 0
최대선택: 15

- 바닐라 시럽 (옵션ID: 119, +500원)
- 헤이즐넛 시럽 (옵션ID: 120, +500원)
- 카라멜 시럽 (옵션ID: 121, +500원)

[휘핑 추가] (옵션그룹ID: 68)

필수여부: 선택
최소선택: 0
최대선택: 5

- 휘핑 추가 (옵션ID: 122, +500원)
"
menu_15,15,더치아메리카노,커피/라떼,"메뉴ID: 15

메뉴명: 더치아메리카노

카테고리: 커피/라떼

설명:
찬물로 추출하여 풍부한 향을 가진 더치 아메리카노

가격:
3300원

원재료:
원두, 물

알러지:
없음

선택 가능 옵션:

[온도] (옵션그룹ID: 69)

필수여부: 필수
최소선택: 1
최대선택: 1

- HOT (옵션ID: 123, +0원)
- ICE (옵션ID: 124, +0원)

[사이즈] (옵션그룹ID: 70)

필수여부: 필수
최소선택: 1
최대선택: 1

- 레귤러 (옵션ID: 125, +0원)
- 라지 (옵션ID: 126, +500원)

[샷 추가] (옵션그룹ID: 71)

필수여부: 선택
최소선택: 0
최대선택: 5

- 샷 추가 (옵션ID: 127, +500원)

[시럽 추가] (옵션그룹ID: 72)

필수여부: 선택
최소선택: 0
최대선택: 15

- 바닐라 시럽 (옵션ID: 128, +500원)
- 헤이즐넛 시럽 (옵션ID: 129, +500원)
- 카라멜 시럽 (옵션ID: 130, +500원)

[휘핑 추가] (옵션그룹ID: 73)

필수여부: 선택
최소선택: 0
최대선택: 5

- 휘핑 추가 (옵션ID: 131, +500원)
"
menu_16,16,더치라떼,커피/라떼,"메뉴ID: 16

메뉴명: 더치라떼

카테고리: 커피/라떼

설명:
찬물로 추출한 더치와 부드러운 우유의 조화

가격:
3800원

원재료:
원두, 우유

알러지:
우유

선택 가능 옵션:

[온도] (옵션그룹ID: 74)

필수여부: 필수
최소선택: 1
최대선택: 1

- HOT (옵션ID: 132, +0원)
- ICE (옵션ID: 133, +0원)

[사이즈] (옵션그룹ID: 75)

필수여부: 필수
최소선택: 1
최대선택: 1

- 레귤러 (옵션ID: 134, +0원)
- 라지 (옵션ID: 135, +500원)

[샷 추가] (옵션그룹ID: 76)

필수여부: 선택
최소선택: 0
최대선택: 5

- 샷 추가 (옵션ID: 136, +500원)

[시럽 추가] (옵션그룹ID: 77)

필수여부: 선택
최소선택: 0
최대선택: 15

- 바닐라 시럽 (옵션ID: 137, +500원)
- 헤이즐넛 시럽 (옵션ID: 138, +500원)
- 카라멜 시럽 (옵션ID: 139, +500원)

[휘핑 추가] (옵션그룹ID: 78)

필수여부: 선택
최소선택: 0
최대선택: 5

- 휘핑 추가 (옵션ID: 140, +500원)
"
menu_17,17,디카페인 아메리카노,커피/라떼,"메뉴ID: 17

메뉴명: 디카페인 아메리카노

카테고리: 커피/라떼

설명:
콜롬비아 디카페인 원두로 만든 아메리카노

가격:
2500원

원재료:
디카페인원두, 물

알러지:
없음

선택 가능 옵션:

[온도] (옵션그룹ID: 79)

필수여부: 필수
최소선택: 1
최대선택: 1

- HOT (옵션ID: 141, +0원)
- ICE (옵션ID: 142, +0원)

[사이즈] (옵션그룹ID: 80)

필수여부: 필수
최소선택: 1
최대선택: 1

- 레귤러 (옵션ID: 143, +0원)
- 라지 (옵션ID: 144, +500원)

[샷 추가] (옵션그룹ID: 81)

필수여부: 선택
최소선택: 0
최대선택: 5

- 샷 추가 (옵션ID: 145, +500원)

[시럽 추가] (옵션그룹ID: 82)

필수여부: 선택
최소선택: 0
최대선택: 15

- 바닐라 시럽 (옵션ID: 146, +500원)
- 헤이즐넛 시럽 (옵션ID: 147, +500원)
- 카라멜 시럽 (옵션ID: 148, +500원)

[휘핑 추가] (옵션그룹ID: 83)

필수여부: 선택
최소선택: 0
최대선택: 5

- 휘핑 추가 (옵션ID: 149, +500원)
"
menu_18,18,디카페인 카페라떼,커피/라떼,"메뉴ID: 18

메뉴명: 디카페인 카페라떼

카테고리: 커피/라떼

설명:
디카페인 원두의 부드러운 향미에 우유를 더한 음료

가격:
3900원

원재료:
디카페인원두, 우유

알러지:
우유

선택 가능 옵션:

[온도] (옵션그룹ID: 84)

필수여부: 필수
최소선택: 1
최대선택: 1

- HOT (옵션ID: 150, +0원)
- ICE (옵션ID: 151, +0원)

[사이즈] (옵션그룹ID: 85)

필수여부: 필수
최소선택: 1
최대선택: 1

- 레귤러 (옵션ID: 152, +0원)
- 라지 (옵션ID: 153, +500원)

[샷 추가] (옵션그룹ID: 86)

필수여부: 선택
최소선택: 0
최대선택: 5

- 샷 추가 (옵션ID: 154, +500원)

[시럽 추가] (옵션그룹ID: 87)

필수여부: 선택
최소선택: 0
최대선택: 15

- 바닐라 시럽 (옵션ID: 155, +500원)
- 헤이즐넛 시럽 (옵션ID: 156, +500원)
- 카라멜 시럽 (옵션ID: 157, +500원)

[휘핑 추가] (옵션그룹ID: 88)

필수여부: 선택
최소선택: 0
최대선택: 5

- 휘핑 추가 (옵션ID: 158, +500원)
"
menu_19,19,디카페인 바닐라라떼,커피/라떼,"메뉴ID: 19

메뉴명: 디카페인 바닐라라떼

카테고리: 커피/라떼

설명:
디카페인 원두에 달콤한 바닐라 시럽을 더한 라떼

가격:
4300원

원재료:
디카페인원두, 우유, 바닐라시럽

알러지:
우유

선택 가능 옵션:

[온도] (옵션그룹ID: 89)

필수여부: 필수
최소선택: 1
최대선택: 1

- HOT (옵션ID: 159, +0원)
- ICE (옵션ID: 160, +0원)

[사이즈] (옵션그룹ID: 90)

필수여부: 필수
최소선택: 1
최대선택: 1

- 레귤러 (옵션ID: 161, +0원)
- 라지 (옵션ID: 162, +500원)

[샷 추가] (옵션그룹ID: 91)

필수여부: 선택
최소선택: 0
최대선택: 5

- 샷 추가 (옵션ID: 163, +500원)

[시럽 추가] (옵션그룹ID: 92)

필수여부: 선택
최소선택: 0
최대선택: 15

- 바닐라 시럽 (옵션ID: 164, +500원)
- 헤이즐넛 시럽 (옵션ID: 165, +500원)
- 카라멜 시럽 (옵션ID: 166, +500원)

[휘핑 추가] (옵션그룹ID: 93)

필수여부: 선택
최소선택: 0
최대선택: 5

- 휘핑 추가 (옵션ID: 167, +500원)
"
menu_20,20,디카페인 연유라떼,커피/라떼,"메뉴ID: 20

메뉴명: 디카페인 연유라떼

카테고리: 커피/라떼

설명:
디카페인 원두와 달콤한 연유가 조화로운 라떼

가격:
4800원

원재료:
디카페인원두, 우유, 연유

알러지:
우유

선택 가능 옵션:

[온도] (옵션그룹ID: 94)

필수여부: 필수
최소선택: 1
최대선택: 1

- HOT (옵션ID: 168, +0원)
- ICE (옵션ID: 169, +0원)

[사이즈] (옵션그룹ID: 95)

필수여부: 필수
최소선택: 1
최대선택: 1

- 레귤러 (옵션ID: 170, +0원)
- 라지 (옵션ID: 171, +500원)

[샷 추가] (옵션그룹ID: 96)

필수여부: 선택
최소선택: 0
최대선택: 5

- 샷 추가 (옵션ID: 172, +500원)

[시럽 추가] (옵션그룹ID: 97)

필수여부: 선택
최소선택: 0
최대선택: 15

- 바닐라 시럽 (옵션ID: 173, +500원)
- 헤이즐넛 시럽 (옵션ID: 174, +500원)
- 카라멜 시럽 (옵션ID: 175, +500원)

[휘핑 추가] (옵션그룹ID: 98)

필수여부: 선택
최소선택: 0
최대선택: 5

- 휘핑 추가 (옵션ID: 176, +500원)
"
menu_51,51,아샷추,커피/라떼,"메뉴ID: 51

메뉴명: 아샷추

카테고리: 커피/라떼

설명:
복숭아 아이스티에 에스프레소 샷을 더한 달콤 쌉쌀한 음료

가격:
3500원

원재료:
원두, 홍차, 복숭아, 설탕

알러지:
복숭아

선택 가능 옵션:

[사이즈] (옵션그룹ID: 99)

필수여부: 필수
최소선택: 1
최대선택: 1

- 레귤러 (옵션ID: 177, +0원)
- 라지 (옵션ID: 178, +500원)

[샷 추가] (옵션그룹ID: 100)

필수여부: 선택
최소선택: 0
최대선택: 5

- 샷 추가 (옵션ID: 179, +500원)

[시럽 추가] (옵션그룹ID: 101)

필수여부: 선택
최소선택: 0
최대선택: 15

- 바닐라 시럽 (옵션ID: 180, +500원)
- 헤이즐넛 시럽 (옵션ID: 181, +500원)
- 카라멜 시럽 (옵션ID: 182, +500원)

[휘핑 추가] (옵션그룹ID: 102)

필수여부: 선택
최소선택: 0
최대선택: 5

- 휘핑 추가 (옵션ID: 183, +500원)
"
menu_21,21,곡물라떼,음료/에이드/스무디,"메뉴ID: 21

메뉴명: 곡물라떼

카테고리: 음료/에이드/스무디

설명:
풍부한 곡물과 우유가 어우러져 고소한 곡물라떼

가격:
3300원

원재료:
우유, 곡물파우더

알러지:
우유

선택 가능 옵션:

[사이즈] (옵션그룹ID: 103)

필수여부: 필수
최소선택: 1
최대선택: 1

- 레귤러 (옵션ID: 184, +0원)
- 라지 (옵션ID: 185, +500원)

[얼음량] (옵션그룹ID: 104)

필수여부: 선택
최소선택: 0
최대선택: 1

- 적게 (옵션ID: 186, +0원)
- 보통 (옵션ID: 187, +0원)
- 많이 (옵션ID: 188, +0원)

[당도] (옵션그룹ID: 105)

필수여부: 선택
최소선택: 0
최대선택: 1

- 0% (옵션ID: 189, +0원)
- 50% (옵션ID: 190, +0원)
- 100% (옵션ID: 191, +0원)
"
menu_22,22,고구마라떼,음료/에이드/스무디,"메뉴ID: 22

메뉴명: 고구마라떼

카테고리: 음료/에이드/스무디

설명:
자색 고구마와 우유가 어우러진 달콤한 고구마라떼

가격:
3500원

원재료:
우유, 고구마

알러지:
우유

선택 가능 옵션:

[사이즈] (옵션그룹ID: 106)

필수여부: 필수
최소선택: 1
최대선택: 1

- 레귤러 (옵션ID: 192, +0원)
- 라지 (옵션ID: 193, +500원)

[얼음량] (옵션그룹ID: 107)

필수여부: 선택
최소선택: 0
최대선택: 1

- 적게 (옵션ID: 194, +0원)
- 보통 (옵션ID: 195, +0원)
- 많이 (옵션ID: 196, +0원)

[당도] (옵션그룹ID: 108)

필수여부: 선택
최소선택: 0
최대선택: 1

- 0% (옵션ID: 197, +0원)
- 50% (옵션ID: 198, +0원)
- 100% (옵션ID: 199, +0원)
"
menu_23,23,녹차라떼,음료/에이드/스무디,"메뉴ID: 23

메뉴명: 녹차라떼

카테고리: 음료/에이드/스무디

설명:
진한 말차와 우유가 어우러진 부드러운 녹차라떼

가격:
3500원

원재료:
우유, 말차분말

알러지:
우유

선택 가능 옵션:

[사이즈] (옵션그룹ID: 109)

필수여부: 필수
최소선택: 1
최대선택: 1

- 레귤러 (옵션ID: 200, +0원)
- 라지 (옵션ID: 201, +500원)

[얼음량] (옵션그룹ID: 110)

필수여부: 선택
최소선택: 0
최대선택: 1

- 적게 (옵션ID: 202, +0원)
- 보통 (옵션ID: 203, +0원)
- 많이 (옵션ID: 204, +0원)

[당도] (옵션그룹ID: 111)

필수여부: 선택
최소선택: 0
최대선택: 1

- 0% (옵션ID: 205, +0원)
- 50% (옵션ID: 206, +0원)
- 100% (옵션ID: 207, +0원)
"
menu_24,24,초코라떼,음료/에이드/스무디,"메뉴ID: 24

메뉴명: 초코라떼

카테고리: 음료/에이드/스무디

설명:
진한 초콜릿과 우유가 어우러진 달콤한 초코라떼

가격:
3500원

원재료:
우유, 초콜릿

알러지:
우유

선택 가능 옵션:

[사이즈] (옵션그룹ID: 112)

필수여부: 필수
최소선택: 1
최대선택: 1

- 레귤러 (옵션ID: 208, +0원)
- 라지 (옵션ID: 209, +500원)

[얼음량] (옵션그룹ID: 113)

필수여부: 선택
최소선택: 0
최대선택: 1

- 적게 (옵션ID: 210, +0원)
- 보통 (옵션ID: 211, +0원)
- 많이 (옵션ID: 212, +0원)

[당도] (옵션그룹ID: 114)

필수여부: 선택
최소선택: 0
최대선택: 1

- 0% (옵션ID: 213, +0원)
- 50% (옵션ID: 214, +0원)
- 100% (옵션ID: 215, +0원)
"
menu_25,25,쿠키앤크림라떼,음료/에이드/스무디,"메뉴ID: 25

메뉴명: 쿠키앤크림라떼

카테고리: 음료/에이드/스무디

설명:
초코 음료에 초코쿠키 토핑이 더해진 라떼

가격:
3500원

원재료:
우유, 초콜릿, 초코쿠키

알러지:
우유, 밀

선택 가능 옵션:

[사이즈] (옵션그룹ID: 115)

필수여부: 필수
최소선택: 1
최대선택: 1

- 레귤러 (옵션ID: 216, +0원)
- 라지 (옵션ID: 217, +500원)

[얼음량] (옵션그룹ID: 116)

필수여부: 선택
최소선택: 0
최대선택: 1

- 적게 (옵션ID: 218, +0원)
- 보통 (옵션ID: 219, +0원)
- 많이 (옵션ID: 220, +0원)

[당도] (옵션그룹ID: 117)

필수여부: 선택
최소선택: 0
최대선택: 1

- 0% (옵션ID: 221, +0원)
- 50% (옵션ID: 222, +0원)
- 100% (옵션ID: 223, +0원)
"
menu_26,26,딸기 스무디,음료/에이드/스무디,"메뉴ID: 26

메뉴명: 딸기 스무디

카테고리: 음료/에이드/스무디

설명:
딸기의 과육향이 풍부하게 느껴지는 블렌딩 음료

가격:
3800원

원재료:
딸기, 설탕

알러지:
없음

선택 가능 옵션:

[사이즈] (옵션그룹ID: 118)

필수여부: 필수
최소선택: 1
최대선택: 1

- 레귤러 (옵션ID: 224, +0원)
- 라지 (옵션ID: 225, +500원)

[얼음량] (옵션그룹ID: 119)

필수여부: 선택
최소선택: 0
최대선택: 1

- 적게 (옵션ID: 226, +0원)
- 보통 (옵션ID: 227, +0원)
- 많이 (옵션ID: 228, +0원)

[당도] (옵션그룹ID: 120)

필수여부: 선택
최소선택: 0
최대선택: 1

- 0% (옵션ID: 229, +0원)
- 50% (옵션ID: 230, +0원)
- 100% (옵션ID: 231, +0원)
"
menu_27,27,망고 스무디,음료/에이드/스무디,"메뉴ID: 27

메뉴명: 망고 스무디

카테고리: 음료/에이드/스무디

설명:
망고의 과육향이 풍부하게 느껴지는 블렌딩 음료

가격:
3800원

원재료:
망고, 설탕

알러지:
없음

선택 가능 옵션:

[사이즈] (옵션그룹ID: 121)

필수여부: 필수
최소선택: 1
최대선택: 1

- 레귤러 (옵션ID: 232, +0원)
- 라지 (옵션ID: 233, +500원)

[얼음량] (옵션그룹ID: 122)

필수여부: 선택
최소선택: 0
최대선택: 1

- 적게 (옵션ID: 234, +0원)
- 보통 (옵션ID: 235, +0원)
- 많이 (옵션ID: 236, +0원)

[당도] (옵션그룹ID: 123)

필수여부: 선택
최소선택: 0
최대선택: 1

- 0% (옵션ID: 237, +0원)
- 50% (옵션ID: 238, +0원)
- 100% (옵션ID: 239, +0원)
"
menu_28,28,블루베리 스무디,음료/에이드/스무디,"메뉴ID: 28

메뉴명: 블루베리 스무디

카테고리: 음료/에이드/스무디

설명:
블루베리의 과육향이 풍부하게 느껴지는 블렌딩 음료

가격:
3800원

원재료:
블루베리, 설탕

알러지:
없음

선택 가능 옵션:

[사이즈] (옵션그룹ID: 124)

필수여부: 필수
최소선택: 1
최대선택: 1

- 레귤러 (옵션ID: 240, +0원)
- 라지 (옵션ID: 241, +500원)

[얼음량] (옵션그룹ID: 125)

필수여부: 선택
최소선택: 0
최대선택: 1

- 적게 (옵션ID: 242, +0원)
- 보통 (옵션ID: 243, +0원)
- 많이 (옵션ID: 244, +0원)

[당도] (옵션그룹ID: 126)

필수여부: 선택
최소선택: 0
최대선택: 1

- 0% (옵션ID: 245, +0원)
- 50% (옵션ID: 246, +0원)
- 100% (옵션ID: 247, +0원)
"
menu_29,29,자몽 에이드,음료/에이드/스무디,"메뉴ID: 29

메뉴명: 자몽 에이드

카테고리: 음료/에이드/스무디

설명:
자몽 과육과 탄산이 만나 청량감이 가득한 음료

가격:
3500원

원재료:
자몽, 탄산수, 설탕

알러지:
없음

선택 가능 옵션:

[사이즈] (옵션그룹ID: 127)

필수여부: 필수
최소선택: 1
최대선택: 1

- 레귤러 (옵션ID: 248, +0원)
- 라지 (옵션ID: 249, +500원)

[얼음량] (옵션그룹ID: 128)

필수여부: 선택
최소선택: 0
최대선택: 1

- 적게 (옵션ID: 250, +0원)
- 보통 (옵션ID: 251, +0원)
- 많이 (옵션ID: 252, +0원)

[당도] (옵션그룹ID: 129)

필수여부: 선택
최소선택: 0
최대선택: 1

- 0% (옵션ID: 253, +0원)
- 50% (옵션ID: 254, +0원)
- 100% (옵션ID: 255, +0원)
"
menu_30,30,레몬 에이드,음료/에이드/스무디,"메뉴ID: 30

메뉴명: 레몬 에이드

카테고리: 음료/에이드/스무디

설명:
레몬 과육과 탄산이 만나 청량감이 가득한 음료

가격:
3500원

원재료:
레몬, 탄산수, 설탕

알러지:
없음

선택 가능 옵션:

[사이즈] (옵션그룹ID: 130)

필수여부: 필수
최소선택: 1
최대선택: 1

- 레귤러 (옵션ID: 256, +0원)
- 라지 (옵션ID: 257, +500원)

[얼음량] (옵션그룹ID: 131)

필수여부: 선택
최소선택: 0
최대선택: 1

- 적게 (옵션ID: 258, +0원)
- 보통 (옵션ID: 259, +0원)
- 많이 (옵션ID: 260, +0원)

[당도] (옵션그룹ID: 132)

필수여부: 선택
최소선택: 0
최대선택: 1

- 0% (옵션ID: 261, +0원)
- 50% (옵션ID: 262, +0원)
- 100% (옵션ID: 263, +0원)
"
menu_31,31,페퍼민트 티,차,"메뉴ID: 31

메뉴명: 페퍼민트 티

카테고리: 차

설명:
시원한 페퍼민트 향을 담은 허브티

가격:
2500원

원재료:
페퍼민트, 물

알러지:
없음

선택 가능 옵션:

[온도] (옵션그룹ID: 133)

필수여부: 필수
최소선택: 1
최대선택: 1

- HOT (옵션ID: 264, +0원)
- ICE (옵션ID: 265, +0원)

[사이즈] (옵션그룹ID: 134)

필수여부: 필수
최소선택: 1
최대선택: 1

- 레귤러 (옵션ID: 266, +0원)
- 라지 (옵션ID: 267, +500원)
"
menu_32,32,캐모마일 티,차,"메뉴ID: 32

메뉴명: 캐모마일 티

카테고리: 차

설명:
향기로운 국화향을 담은 허브티

가격:
2500원

원재료:
캐모마일, 물

알러지:
없음

선택 가능 옵션:

[온도] (옵션그룹ID: 135)

필수여부: 필수
최소선택: 1
최대선택: 1

- HOT (옵션ID: 268, +0원)
- ICE (옵션ID: 269, +0원)

[사이즈] (옵션그룹ID: 136)

필수여부: 필수
최소선택: 1
최대선택: 1

- 레귤러 (옵션ID: 270, +0원)
- 라지 (옵션ID: 271, +500원)
"
menu_33,33,잉글리시 블랙퍼스트,차,"메뉴ID: 33

메뉴명: 잉글리시 블랙퍼스트

카테고리: 차

설명:
진한 향과 카페인으로 아침에 마시는 홍차

가격:
2500원

원재료:
홍차, 물

알러지:
없음

선택 가능 옵션:

[온도] (옵션그룹ID: 137)

필수여부: 필수
최소선택: 1
최대선택: 1

- HOT (옵션ID: 272, +0원)
- ICE (옵션ID: 273, +0원)

[사이즈] (옵션그룹ID: 138)

필수여부: 필수
최소선택: 1
최대선택: 1

- 레귤러 (옵션ID: 274, +0원)
- 라지 (옵션ID: 275, +500원)
"
menu_34,34,얼그레이 티,차,"메뉴ID: 34

메뉴명: 얼그레이 티

카테고리: 차

설명:
베르가못 향을 담은 홍차

가격:
2500원

원재료:
홍차, 물

알러지:
없음

선택 가능 옵션:

[온도] (옵션그룹ID: 139)

필수여부: 필수
최소선택: 1
최대선택: 1

- HOT (옵션ID: 276, +0원)
- ICE (옵션ID: 277, +0원)

[사이즈] (옵션그룹ID: 140)

필수여부: 필수
최소선택: 1
최대선택: 1

- 레귤러 (옵션ID: 278, +0원)
- 라지 (옵션ID: 279, +500원)
"
menu_35,35,복숭아 아이스티,차,"메뉴ID: 35

메뉴명: 복숭아 아이스티

카테고리: 차

설명:
홍차에 복숭아의 달콤함을 더한 아이스티

가격:
3000원

원재료:
홍차, 복숭아, 설탕

알러지:
복숭아

선택 가능 옵션:

[온도] (옵션그룹ID: 141)

필수여부: 필수
최소선택: 1
최대선택: 1

- HOT (옵션ID: 280, +0원)
- ICE (옵션ID: 281, +0원)

[사이즈] (옵션그룹ID: 142)

필수여부: 필수
최소선택: 1
최대선택: 1

- 레귤러 (옵션ID: 282, +0원)
- 라지 (옵션ID: 283, +500원)
"
menu_36,36,자몽티,차,"메뉴ID: 36

메뉴명: 자몽티

카테고리: 차

설명:
자몽청이 들어가 달콤 쌉쌀함이 가득한 과일 티

가격:
3500원

원재료:
홍차, 자몽, 설탕

알러지:
없음

선택 가능 옵션:

[온도] (옵션그룹ID: 143)

필수여부: 필수
최소선택: 1
최대선택: 1

- HOT (옵션ID: 284, +0원)
- ICE (옵션ID: 285, +0원)

[사이즈] (옵션그룹ID: 144)

필수여부: 필수
최소선택: 1
최대선택: 1

- 레귤러 (옵션ID: 286, +0원)
- 라지 (옵션ID: 287, +500원)
"
menu_37,37,레몬티,차,"메뉴ID: 37

메뉴명: 레몬티

카테고리: 차

설명:
레몬청이 들어가 달콤 상콤함이 가득한 과일 티

가격:
3500원

원재료:
홍차, 레몬, 설탕

알러지:
없음

선택 가능 옵션:

[온도] (옵션그룹ID: 145)

필수여부: 필수
최소선택: 1
최대선택: 1

- HOT (옵션ID: 288, +0원)
- ICE (옵션ID: 289, +0원)

[사이즈] (옵션그룹ID: 146)

필수여부: 필수
최소선택: 1
최대선택: 1

- 레귤러 (옵션ID: 290, +0원)
- 라지 (옵션ID: 291, +500원)
"
menu_38,38,유자티,차,"메뉴ID: 38

메뉴명: 유자티

카테고리: 차

설명:
유자청이 들어가 상콤 쌉쌀함이 가득한 과일 티

가격:
3500원

원재료:
홍차, 유자청, 설탕

알러지:
없음

선택 가능 옵션:

[온도] (옵션그룹ID: 147)

필수여부: 필수
최소선택: 1
최대선택: 1

- HOT (옵션ID: 292, +0원)
- ICE (옵션ID: 293, +0원)

[사이즈] (옵션그룹ID: 148)

필수여부: 필수
최소선택: 1
최대선택: 1

- 레귤러 (옵션ID: 294, +0원)
- 라지 (옵션ID: 295, +500원)
"
menu_39,39,딸기 요거트 스무디,요거트,"메뉴ID: 39

메뉴명: 딸기 요거트 스무디

카테고리: 요거트

설명:
딸기와 새콤달콤한 요거트가 어우러진 블렌딩 음료

가격:
4000원

원재료:
요거트파우더, 딸기

알러지:
우유

선택 가능 옵션:

[사이즈] (옵션그룹ID: 149)

필수여부: 필수
최소선택: 1
최대선택: 1

- 레귤러 (옵션ID: 296, +0원)
- 라지 (옵션ID: 297, +500원)

[당도] (옵션그룹ID: 150)

필수여부: 선택
최소선택: 0
최대선택: 1

- 0% (옵션ID: 298, +0원)
- 50% (옵션ID: 299, +0원)
- 100% (옵션ID: 300, +0원)
"
menu_40,40,망고 요거트 스무디,요거트,"메뉴ID: 40

메뉴명: 망고 요거트 스무디

카테고리: 요거트

설명:
망고와 새콤달콤한 요거트가 어우러진 블렌딩 음료

가격:
4000원

원재료:
요거트파우더, 망고

알러지:
우유

선택 가능 옵션:

[사이즈] (옵션그룹ID: 151)

필수여부: 필수
최소선택: 1
최대선택: 1

- 레귤러 (옵션ID: 301, +0원)
- 라지 (옵션ID: 302, +500원)

[당도] (옵션그룹ID: 152)

필수여부: 선택
최소선택: 0
최대선택: 1

- 0% (옵션ID: 303, +0원)
- 50% (옵션ID: 304, +0원)
- 100% (옵션ID: 305, +0원)
"
menu_41,41,블루베리 요거트 스무디,요거트,"메뉴ID: 41

메뉴명: 블루베리 요거트 스무디

카테고리: 요거트

설명:
블루베리와 새콤달콤한 요거트가 어우러진 블렌딩 음료

가격:
4000원

원재료:
요거트파우더, 블루베리

알러지:
우유

선택 가능 옵션:

[사이즈] (옵션그룹ID: 153)

필수여부: 필수
최소선택: 1
최대선택: 1

- 레귤러 (옵션ID: 306, +0원)
- 라지 (옵션ID: 307, +500원)

[당도] (옵션그룹ID: 154)

필수여부: 선택
최소선택: 0
최대선택: 1

- 0% (옵션ID: 308, +0원)
- 50% (옵션ID: 309, +0원)
- 100% (옵션ID: 310, +0원)
"
menu_42,42,플레인 요거트 스무디,요거트,"메뉴ID: 42

메뉴명: 플레인 요거트 스무디

카테고리: 요거트

설명:
새콤달콤한 요거트의 향과 맛이 느껴지는 블렌딩 음료

가격:
4000원

원재료:
요거트파우더

알러지:
우유

선택 가능 옵션:

[사이즈] (옵션그룹ID: 155)

필수여부: 필수
최소선택: 1
최대선택: 1

- 레귤러 (옵션ID: 311, +0원)
- 라지 (옵션ID: 312, +500원)

[당도] (옵션그룹ID: 156)

필수여부: 선택
최소선택: 0
최대선택: 1

- 0% (옵션ID: 313, +0원)
- 50% (옵션ID: 314, +0원)
- 100% (옵션ID: 315, +0원)
"
menu_43,43,메이플 크룽지,디저트/베이커리,"메뉴ID: 43

메뉴명: 메이플 크룽지

카테고리: 디저트/베이커리

설명:
바삭한 식감과 달콤한 메이플 시럽이 어우러진 크룽지

가격:
2500원

원재료:
밀가루, 버터, 메이플시럽

알러지:
밀, 우유

선택 가능 옵션:

없음
"
menu_44,44,시나몬 크룽지,디저트/베이커리,"메뉴ID: 44

메뉴명: 시나몬 크룽지

카테고리: 디저트/베이커리

설명:
바삭한 식감과 시나몬 향이 어우러진 크룽지

가격:
2500원

원재료:
밀가루, 버터, 시나몬

알러지:
밀, 우유

선택 가능 옵션:

없음
"
menu_45,45,초코 와플,디저트/베이커리,"메뉴ID: 45

메뉴명: 초코 와플

카테고리: 디저트/베이커리

설명:
바삭한 와플에 초콜릿과 쿠키 크럼을 토핑

가격:
5000원

원재료:
밀가루, 버터, 초콜릿, 초코쿠키

알러지:
밀, 우유, 난류

선택 가능 옵션:

없음
"
menu_46,46,카라멜 와플,디저트/베이커리,"메뉴ID: 46

메뉴명: 카라멜 와플

카테고리: 디저트/베이커리

설명:
바삭한 와플에 카라멜과 시나몬 파우더를 토핑

가격:
5000원

원재료:
밀가루, 버터, 카라멜시럽, 시나몬

알러지:
밀, 우유, 난류

선택 가능 옵션:

없음
"
menu_47,47,생크림 카스테라,디저트/베이커리,"메뉴ID: 47

메뉴명: 생크림 카스테라

카테고리: 디저트/베이커리

설명:
촉촉한 카스테라 안에 생크림이 듬뿍 들어간 디저트

가격:
5500원

원재료:
카스테라시트, 생크림

알러지:
밀, 우유, 난류

선택 가능 옵션:

없음
"
menu_48,48,레드벨벳 케이크,디저트/베이커리,"메뉴ID: 48

메뉴명: 레드벨벳 케이크

카테고리: 디저트/베이커리

설명:
진한 치즈 향이 가득한 레드벨벳 시트 케이크

가격:
4500원

원재료:
밀가루, 치즈, 생크림

알러지:
밀, 우유, 난류

선택 가능 옵션:

없음
"
menu_49,49,바닐라 마카롱,디저트/베이커리,"메뉴ID: 49

메뉴명: 바닐라 마카롱

카테고리: 디저트/베이커리

설명:
바닐라 향이 담긴 마카롱

가격:
2800원

원재료:
밀가루, 원두, 설탕

알러지:
우유, 난류, 호두

선택 가능 옵션:

없음
"
menu_50,50,초콜릿 마카롱,디저트/베이커리,"메뉴ID: 50

메뉴명: 초콜릿 마카롱

카테고리: 디저트/베이커리

설명:
초콜릿 향이 담긴 마카롱

가격:
2800원

원재료:
밀가루, 원두, 초콜릿

알러지:
우유, 난류, 호두

선택 가능 옵션:

없음
"
